Run,WCSS,Connectivity,Hypervolume
1,99.8150662856711,17.532142857142855,4.374930003538934
2,97.64198552324329,13.470634920634916,3.288248849773832
3,97.11726401536471,13.470634920634916,3.2705780201047414
4,97.25968948477507,13.470634920634916,3.2753744238593083
5,98.84753741346671,17.532142857142855,4.332522867524186
6,100.72709245898236,13.383730158730152,3.370260562861213
7,99.56241199804408,17.532142857142855,4.363856075878564
8,97.72265714782753,10.394444444444444,2.539431826716471
9,96.86592635885137,13.470634920634916,3.262113825572994
10,101.68040799241322,13.471428571428564,3.424450883458777
