Run,WCSS,Connectivity,Hypervolume
1,101.38008267802164,9.652777777777779,2.446498522959208
2,103.26324828749465,18.065476190476183,4.663749383222424
3,97.9599526458442,13.470634920634916,3.29895689733714
4,99.79826993700695,17.532142857142855,4.374193813578279
5,99.784012312507,19.090079365079365,4.762211786029548
6,99.20582885133012,17.532142857142855,4.348226909206969
7,97.2527124623792,13.470634920634916,3.275139461555487
8,100.87490161940647,14.694841269841266,3.7058516685200833
9,121.28791055871699,14.223412698412693,4.312820018012011
10,96.76728325163329,13.773412698412695,3.3320393198223663
