Run,WCSS,Connectivity,Hypervolume
1,98.04721518519501,25.37103174603174,6.218897522683971
2,96.79285755552637,13.470634920634916,3.2596531176387993
3,98.30068456423257,22.79166666666666,5.601091089232851
4,96.72254136466563,13.470634920634916,3.2572851082985563
5,96.93935721049152,13.470634920634916,3.2645867260588863
6,96.91580818249825,10.091666666666665,2.445105077270953
7,98.09066447118514,19.090079365079365,4.681396424320746
8,97.65210991826679,10.743253968253965,2.6227535434694818
9,97.09727942397542,18.89087301587301,4.5856309394626615
10,96.93327374742253,13.470634920634916,3.2643818557837454
